Feature,Importance
trigger_pull_request,0.040340457
continue_on_error_count,0.021444464
trigger_schedule,0.019366246
run_step_count,0.014408224
step_count,0.0138809495
jobs_with_services,0.00911101
jobs_without_dependencies,0.008464275
workflow_has_name,0.007893831
jobs_with_strategy,0.0062340777
step_continue_on_error_count,0.006183724
has_write_permission,0.005984625
permissions_scope_count,0.0056947186
Text_SVD_1,0.005093331
permissions_present,0.004945762
job_count,0.004878829
workflow_name_length,0.004687215
total_condition_count,0.0045451433
self_hosted_runner_count,0.0044973753
permissions_write_count,0.0044839424
job_continue_on_error_count,0.004280544
jobs_with_dependencies,0.0041116113
command_token_count,0.004060166
local_action_count,0.0039982335
unique_shell_count,0.0038811658
github_hosted_runner_count,0.0038608038
jobs_with_matrix,0.0038244997
Text_SVD_7,0.0037772818
actions_at_sha,0.0037770974
unique_runner_count,0.003732364
global_env_variable_count,0.003633159
Text_SVD_9,0.0036099479
Text_SVD_10,0.0035610842
Text_SVD_35,0.0034727599
Text_SVD_5,0.0034385973
third_party_action_count,0.003349105
trigger_push,0.0033300442
Text_SVD_39,0.0033092822
max_command_length,0.0032990386
Text_SVD_130,0.0032679348
Text_SVD_33,0.0032600446
steps_with_env_count,0.0032210685
Text_SVD_16,0.0032154366
Text_SVD_21,0.00321359
Text_SVD_117,0.003202162
Text_SVD_163,0.003187926
Text_SVD_220,0.0031769695
Text_SVD_99,0.0031689564
environment_name_count,0.0031618106
Text_SVD_57,0.0031517579
Text_SVD_2,0.0031223109
Text_SVD_12,0.0031220065
conditional_branch_density,0.0031212075
Text_SVD_19,0.0031105634
Text_SVD_169,0.0030871748
Text_SVD_206,0.0030513662
Text_SVD_40,0.0030481254
Text_SVD_23,0.0030479499
Text_SVD_159,0.0030463152
Text_SVD_234,0.0030372052
Text_SVD_15,0.003026714
Text_SVD_111,0.0030259872
estimated_matrix_combinations,0.0030258617
Text_SVD_105,0.003015342
actions_at_major_version,0.003009969
Text_SVD_186,0.0030004364
dependency_edge_count,0.0029837259
Text_SVD_119,0.0029798455
Text_SVD_79,0.002977532
Text_SVD_125,0.0029751454
Text_SVD_207,0.0029687055
Text_SVD_13,0.0029680908
matrix_dimension_count,0.0029411633
Text_SVD_43,0.0029355155
Text_SVD_248,0.002926325
Text_SVD_250,0.0029192262
Text_SVD_243,0.0029179482
Text_SVD_6,0.0029151642
timeout_configured_count,0.0029072342
Text_SVD_14,0.002901023
Text_SVD_38,0.0028900492
Text_SVD_182,0.0028889421
Text_SVD_101,0.0028871829
total_action_steps,0.0028853258
Text_SVD_229,0.0028824138
Text_SVD_48,0.0028739963
Text_SVD_236,0.0028722691
Text_SVD_11,0.0028596006
Text_SVD_127,0.0028581256
Text_SVD_161,0.0028467488
Text_SVD_100,0.0028451767
Text_SVD_253,0.00283577
Text_SVD_223,0.0028240948
Text_SVD_172,0.0028225556
Text_SVD_34,0.002807072
Text_SVD_205,0.0028031033
Text_SVD_168,0.0028010262
Text_SVD_232,0.0027965081
Text_SVD_106,0.002793752
Text_SVD_149,0.002790572
Text_SVD_197,0.0027879742
Text_SVD_140,0.0027847858
Text_SVD_166,0.0027835502
Text_SVD_47,0.0027831933
Text_SVD_84,0.0027804188
Text_SVD_224,0.0027802207
Text_SVD_86,0.002780099
Text_SVD_133,0.0027784484
unique_action_count,0.0027772798
Text_SVD_158,0.0027735343
Text_SVD_137,0.0027722283
first_party_action_count,0.0027712919
Text_SVD_148,0.0027688546
Text_SVD_131,0.0027655272
Text_SVD_147,0.0027575043
Text_SVD_194,0.0027567062
Text_SVD_77,0.0027539951
average_steps_per_job,0.0027537656
Text_SVD_114,0.0027483955
Text_SVD_36,0.0027433876
Text_SVD_113,0.002740941
Text_SVD_42,0.0027380176
Text_SVD_121,0.0027331586
Text_SVD_81,0.0027303698
Text_SVD_138,0.0027281712
Text_SVD_135,0.0027250843
Text_SVD_71,0.0027172526
Text_SVD_44,0.0027156444
Text_SVD_136,0.0027147338
Text_SVD_181,0.002707857
Text_SVD_58,0.002703598
Text_SVD_124,0.0027011451
Text_SVD_94,0.0026965912
Text_SVD_217,0.0026950997
Text_SVD_247,0.0026946315
max_steps_per_job,0.0026934831
Text_SVD_199,0.002675617
Text_SVD_109,0.002673044
Text_SVD_208,0.0026720027
Text_SVD_189,0.0026687225
Text_SVD_192,0.0026686601
Text_SVD_151,0.0026681323
Text_SVD_134,0.0026660038
Text_SVD_120,0.0026637223
Text_SVD_155,0.0026623877
artifact_download_count,0.0026603295
Text_SVD_142,0.0026590084
Text_SVD_76,0.002658806
secret_reference_count,0.0026582952
conditional_job_count,0.0026525145
Text_SVD_62,0.00265118
Text_SVD_89,0.002651113
Text_SVD_55,0.002649494
Text_SVD_215,0.0026472067
Text_SVD_56,0.0026471447
Text_SVD_165,0.0026463487
average_command_length,0.002645434
Text_SVD_204,0.0026452236
Text_SVD_128,0.0026441799
Text_SVD_150,0.0026441105
Text_SVD_198,0.0026390792
Text_SVD_63,0.0026370743
Text_SVD_116,0.00263679
Text_SVD_222,0.002635672
Text_SVD_96,0.0026350196
Text_SVD_230,0.0026344603
Text_SVD_174,0.0026328566
Text_SVD_244,0.0026319057
Text_SVD_251,0.0026301655
Text_SVD_122,0.0026287346
Text_SVD_167,0.0026261196
Text_SVD_0,0.0026194693
Text_SVD_8,0.002616868
Text_SVD_22,0.002615841
Text_SVD_3,0.0026139522
Text_SVD_179,0.0026139256
Text_SVD_191,0.0026117077
Text_SVD_225,0.0026111535
Text_SVD_73,0.002609256
Text_SVD_152,0.0026025975
Text_SVD_245,0.0026002016
Text_SVD_213,0.0025979292
Text_SVD_203,0.0025934442
Text_SVD_52,0.0025905117
Text_SVD_216,0.0025899934
Text_SVD_126,0.002588441
Text_SVD_30,0.0025853638
Text_SVD_228,0.0025846574
Text_SVD_61,0.0025835147
Text_SVD_180,0.002581497
Text_SVD_255,0.0025798737
Text_SVD_129,0.0025789517
Text_SVD_139,0.002575958
Text_SVD_153,0.0025712152
has_multiple_triggers,0.0025693737
Text_SVD_82,0.0025681315
Text_SVD_175,0.0025680847
Text_SVD_75,0.0025679118
Text_SVD_70,0.0025657148
Text_SVD_97,0.002564896
Text_SVD_157,0.0025631592
Text_SVD_188,0.0025621972
Text_SVD_90,0.0025611778
Text_SVD_87,0.002561127
Text_SVD_41,0.0025607804
Text_SVD_190,0.0025601792
Text_SVD_80,0.0025601173
Text_SVD_221,0.0025589897
Text_SVD_112,0.0025573568
Text_SVD_32,0.0025561855
Text_SVD_144,0.0025536807
Text_SVD_226,0.0025516779
Text_SVD_141,0.0025513403
Text_SVD_78,0.0025477426
Text_SVD_46,0.0025470098
Text_SVD_241,0.0025454834
Text_SVD_200,0.002544324
permissions_read_count,0.0025358058
Text_SVD_104,0.0025346891
trigger_repository_dispatch,0.0025342861
Text_SVD_24,0.0025330812
Text_SVD_146,0.0025323364
Text_SVD_108,0.0025276046
Text_SVD_249,0.00252721
workflow_concurrency_present,0.0025270812
Text_SVD_235,0.0025231484
Text_SVD_67,0.0025227112
multiline_command_count,0.0025189107
Text_SVD_156,0.0025086077
Text_SVD_218,0.002504551
Text_SVD_68,0.0025039962
Text_SVD_60,0.0025039637
Text_SVD_64,0.002498571
Text_SVD_209,0.0024971329
Text_SVD_231,0.0024930125
Text_SVD_143,0.002490659
Text_SVD_103,0.0024896285
Text_SVD_65,0.002481345
action_version_count,0.0024793781
Text_SVD_214,0.0024784505
Text_SVD_28,0.0024776459
Text_SVD_240,0.0024772065
Text_SVD_95,0.0024751704
Text_SVD_185,0.0024727937
Text_SVD_45,0.0024679182
Text_SVD_93,0.0024608378
Text_SVD_54,0.0024597177
Text_SVD_18,0.0024570557
max_dependency_fan_in,0.0024541668
Text_SVD_29,0.0024524499
Text_SVD_202,0.002446412
Text_SVD_164,0.002444513
Text_SVD_178,0.0024386267
Text_SVD_74,0.0024361722
Text_SVD_196,0.002435361
Text_SVD_4,0.002432736
Text_SVD_183,0.0024266627
Text_SVD_26,0.0024208776
Text_SVD_160,0.002418599
Text_SVD_88,0.0024179148
Text_SVD_210,0.002417274
Text_SVD_177,0.0024157334
Text_SVD_212,0.0024150247
Text_SVD_31,0.0024148459
Text_SVD_49,0.0024128824
Text_SVD_170,0.0024103937
Text_SVD_53,0.0024101147
Text_SVD_227,0.0024097287
Text_SVD_145,0.0024085338
Text_SVD_20,0.0024060046
Text_SVD_123,0.0024044323
Text_SVD_25,0.0024043943
Text_SVD_102,0.0024041974
Text_SVD_83,0.002400765
Text_SVD_66,0.0023960804
Text_SVD_233,0.0023911826
Text_SVD_98,0.0023894545
Text_SVD_162,0.0023854738
Text_SVD_173,0.0023814517
Text_SVD_237,0.0023801
Text_SVD_254,0.0023783746
Text_SVD_17,0.0023759769
Text_SVD_219,0.002368552
Text_SVD_201,0.002367916
Text_SVD_154,0.0023672483
Text_SVD_72,0.0023670446
Text_SVD_92,0.0023670213
Text_SVD_85,0.0023655752
Text_SVD_195,0.002364609
Text_SVD_239,0.0023644548
Text_SVD_132,0.0023600105
Text_SVD_115,0.002357974
Text_SVD_69,0.0023540684
Text_SVD_37,0.0023483566
Text_SVD_184,0.0023480065
Text_SVD_27,0.0023436546
Text_SVD_242,0.0023416367
Text_SVD_176,0.002337684
Text_SVD_246,0.002322907
trigger_count,0.0023219667
Text_SVD_50,0.0023097368
Text_SVD_252,0.002306712
Text_SVD_193,0.0023006308
Text_SVD_107,0.0022969123
Text_SVD_171,0.0022940226
Text_SVD_187,0.002278817
Text_SVD_238,0.0022781307
Text_SVD_59,0.0022742013
Text_SVD_51,0.0022729768
Text_SVD_118,0.0022676946
Text_SVD_110,0.0022406331
Text_SVD_211,0.0022067586
conditional_step_count,0.0022064508
Text_SVD_91,0.0021836516
artifact_upload_count,0.0020215572
cache_action_count,0.0019822137
jobs_with_env_count,0.0019360912
retry_related_configuration_count,0.0018359633
runner_diversity,0.0017669706
fail_fast_configured,0.0010649266
dependency_graph_depth,0.0009762652
concurrency_configured,0.0
unique_service_count,0.0
job_container_count,0.0
max_parallel_configured,0.0
job_concurrency_count,0.0
service_count,0.0
trigger_workflow_dispatch,0.0
trigger_workflow_call,0.0
parallel_root_job_count,0.0
has_dependency_graph,0.0
sink_job_count,0.0
max_dependency_fan_out,0.0
trigger_pull_request_target,0.0
docker_action_count,0.0
actions_without_explicit_version,0.0
has_broad_write_permissions,0.0
